{"g_losses": [17.4024, 17.2096, 17.9875, 17.5168, 17.284, 17.3171, 16.5874, 17.2166, 16.593, 17.2267, 16.816, 18.0136, 18.4762, 18.3965, 18.3351, 18.0261, 17.8686, 17.3496, 17.6997, 17.769, 17.8691, 17.2256, 17.3945, 17.332, 17.1726, 17.2462, 17.19, 16.7162, 16.9831, 17.4608, 17.498, 17.5481, 16.8603, 16.7448, 17.1977, 17.5985, 16.6573, 16.7389, 16.0511, 16.8333, 17.0288, 17.4285, 17.1366, 16.9206, 16.5535, 16.8038, 17.1611, 15.9038, 16.7769, 16.2849, 16.391, 16.7335, 16.2044, 16.0977, 16.4273, 16.5723, 16.5907, 16.4531, 15.9047, 16.0825, 16.8971, 16.2241, 16.2181, 16.0797, 15.9848, 15.3787, 15.9741, 15.6574, 16.2939, 16.0414, 15.7478, 14.6623, 14.5348, 14.9659, 15.1836, 15.2737, 15.4797, 15.3531, 15.1509, 15.5696, 15.5185, 15.6651, 15.5008, 15.2621, 15.3244, 14.6369, 14.8643, 15.1155, 14.8071, 14.901, 15.2233, 15.5818, 14.6687, 14.3306, 14.1117, 14.4436, 14.2099, 14.7501, 14.926, 14.5885, 15.7156, 15.2532, 15.354, 15.5783, 14.7147, 14.9774, 14.7809, 14.7261, 14.4519, 14.7281, 13.5566, 13.834, 13.2585, 13.8454, 13.2745, 13.3588, 13.0029, 13.299, 13.1776, 12.9804, 13.5566, 13.834, 13.2585, 13.8454, 13.2745, 13.3588, 13.0029, 13.299, 13.1776, 12.9804, 12.8661, 12.7923, 12.789, 12.6596, 12.5581, 12.5956, 12.644, 12.3974, 12.4943, 12.6304, 12.561897288004557, 12.499930740356445, 12.460357831319174, 12.207882705688476, 12.241882881164551, 12.039074811299642, 12.513479293823242, 12.178971827189127, 12.192604685465495, 11.815811047871907], "d_losses": [0.4132, 0.4848, 0.4601, 0.4466, 0.4408, 0.4302, 0.4221, 0.4254, 0.4446, 0.3652, 0.357, 0.2254, 0.2591, 0.1783, 0.3258, 0.1537, 0.2145, 0.2011, 0.2453, 0.2363, 0.2309, 0.1976, 0.2068, 0.2768, 0.1854, 0.1652, 0.294, 0.2139, 0.2439, 0.1663, 0.1677, 0.1735, 0.3846, 0.1665, 0.1398, 0.2167, 0.1541, 0.2994, 0.2321, 0.1441, 0.1702, 0.1407, 0.1686, 0.1908, 0.179, 0.2089, 0.219, 0.1933, 0.1861, 0.1445, 0.4266, 0.1572, 0.1435, 0.1781, 0.1529, 0.1695, 0.1904, 0.2079, 0.1588, 0.1448, 0.1722, 0.1585, 0.1747, 0.1664, 0.2065, 0.212, 0.1517, 0.1747, 0.1511, 0.1505, 0.2095, 1.0805, 0.1964, 0.175, 0.1694, 0.1823, 0.1963, 0.1793, 0.175, 0.1525, 0.1778, 0.1529, 0.1741, 0.1934, 0.1891, 0.4588, 0.1619, 0.1583, 0.1842, 0.1891, 0.1652, 0.1702, 0.5055, 0.1973, 0.1947, 0.2037, 0.1994, 0.1967, 0.1533, 0.1987, 0.3696, 0.195, 0.2173, 0.2726, 0.2233, 0.2195, 0.2518, 0.2357, 0.2867, 0.2156, 0.2635, 0.3508, 0.2729, 0.2877, 0.3689, 0.2772, 0.3397, 0.2727, 0.4768, 0.2975, 0.2635, 0.3508, 0.2729, 0.2877, 0.3689, 0.2772, 0.3397, 0.2727, 0.4768, 0.2975, 0.3386, 0.3355, 0.4059, 0.3195, 0.3561, 0.3356, 0.3235, 0.4323, 0.3283, 0.356, 0.3696809447010358, 0.3394791150093079, 0.36874900849660236, 0.3978658452630043, 0.36253688112894694, 0.4377892921566963, 0.3496279673576355, 0.36432788356145224, 0.4823650542497635, 0.41957536375522614], "d_accuracies": [0.4912466181061397, 0.49636108220603553, 0.49195560180367687, 0.4905900104058275, 0.490494623655914, 0.4895962539021852, 0.49291293791189755, 0.49339923690600057, 0.4916964967048216, 0.49198196323274335]}