{"g_losses": [11.162056939125062, 11.207563549041748, 11.168586711883545, 11.571595657348633, 10.773806158065796, 10.824653453826905, 10.866567873001099, 11.201848794937133, 11.205055117607117, 11.048435099601745, 15.193958574295044, 14.683486721038818, 14.874367763519286, 14.803350276947022, 14.888967584609984, 14.647103183746339, 14.772281272888183, 14.748413248062134, 14.622970680236817, 14.652604097366334, 10.95148209953308, 10.857884331703186, 10.586926322937012, 10.62185302066803, 10.655542603492737, 10.648423626899719, 10.918264061927795, 10.563174525260925, 10.841354365348815, 10.42976844882965, 10.476172676086426, 10.52258331489563, 10.515692915916443, 10.50299453830719, 10.557696701049805, 10.330446588516235, 10.56216415119171, 10.403244249343873, 10.642157071113587, 10.455260997772216, 10.31453775215149, 10.325686484336853, 10.301904077529906, 10.556198692321777, 10.33613251018524, 10.421404181480408, 10.44689084148407, 10.524376455307006, 10.114421051979065, 10.188081183433532], "d_losses": [0.4922818817794323, 0.4325541462004185, 0.692900105714798, 0.9001716974377633, 0.5543134021759033, 0.466491037607193, 0.5450285093784333, 0.4208352110981941, 0.43924052914977074, 0.4502750696837902, 0.20830515521019696, 0.29262754034250976, 0.19036852166056634, 0.18691888545453547, 0.16736723795533182, 0.2533029121905565, 0.16514716427773238, 0.20280576953664423, 0.1534631417579949, 0.16413217391818763, 0.4640218040943146, 1.248021094620228, 0.4819094253182411, 0.5193246312737465, 0.4987394362092018, 0.47822630167007446, 0.5026517097055913, 0.47865978950262067, 0.6554170943200588, 0.4884223192334175, 0.48537576657533643, 0.4886538968682289, 0.5312396594285965, 0.47711482459306714, 0.477207086622715, 0.6012677971720696, 0.5619356518983841, 0.46891174811124803, 0.4710663881599903, 0.4794007741808891, 0.5029808806777001, 0.49381488919258115, 0.5093948695063591, 0.48891070860624314, 0.5270424373149872, 0.45798403170704843, 0.48240234565734863, 0.5252676024138927, 0.49963076430559156, 0.49597828447818754], "d_accuracies": [0.86975, 0.88575, 0.8855, 0.88875, 0.85625, 0.8605, 0.852625, 0.903125, 0.878875, 0.877, 0.979, 0.973375, 0.983125, 0.985375, 0.98725, 0.98175, 0.99125, 0.983625, 0.992625, 0.98825, 0.87325, 0.8215, 0.856375, 0.842, 0.855125, 0.856, 0.87075, 0.8375, 0.86075, 0.85725, 0.84875, 0.84925, 0.8525, 0.863875, 0.857125, 0.824625, 0.857375, 0.861, 0.870875, 0.8565, 0.83425, 0.8465, 0.82875, 0.862625, 0.860875, 0.880375, 0.853625, 0.86425, 0.83525, 0.838375], "val_g_losses": [10.715411197662354, 10.494646183013916, 11.466847663879394, 9.589252304077148, 10.763569667816162, 10.604142387390137, 10.810540042877196, 10.48312393951416, 11.27955362701416, 11.124549419403076, 13.695900505065918, 12.18256900024414, 14.867587860107422, 15.839657264709473, 14.684382774353027, 14.269079620361328, 16.969198638916016, 12.64360466003418, 18.020364906311034, 12.483365539550782, 11.531248931884766, 10.759659900665284, 10.06249834060669, 10.473875087738037, 10.6176930809021, 10.354308822631836, 10.562664459228516, 10.206114223480224, 10.526642608642579, 10.664057285308838, 10.67637034225464, 10.494721073150634, 9.78466139602661, 10.314743171691894, 10.909385814666749, 10.65461078262329, 10.08586782836914, 10.274639923095704, 10.364131107330323, 11.88084652709961, 10.284717418670654, 10.076611804962159, 10.192520828247071, 10.194542366027832, 10.302106628417969, 10.823264488220214, 9.827869812011718, 9.377823715209962, 10.128668865203858, 10.785067752838135], "val_d_losses": [0.5116776132583618, 0.5128807351589203, 0.5669027616977692, 2.8752838773727416, 0.5318058733940124, 0.5515339305400848, 0.5013170459270477, 0.4884445095062256, 0.5508460674285889, 0.49498604726791384, 0.49737077522277834, 0.5902649576663971, 0.47367146134376525, 1.189427345752716, 0.2740562262535095, 0.4694086275100708, 0.7162435173988342, 0.41857339692115786, 0.621271184682846, 0.4175391640663147, 0.5480746428966522, 0.561608919620514, 0.6054594383239746, 0.5411630392074585, 0.5325010807514191, 0.5784904990196228, 0.587888060092926, 0.5259775485992432, 0.6100818696022033, 0.5439672203063964, 0.4905971341133118, 0.5429985637664795, 0.5350668442249298, 0.5108620057106018, 0.5302757363319397, 0.5338494927883148, 0.5545424561500549, 0.5209773063659668, 0.5386232023239136, 1.0398857278823852, 0.5663306031227112, 0.5279092500209809, 0.5142879602909088, 0.5359109697341919, 0.5327203776836396, 0.5021536576747895, 0.5693171200752258, 1.2329189662933349, 0.5519934096336365, 0.5753496408462524], "val_accuracies": [0.941, 0.9585, 0.6625, 0.4995, 0.894, 0.8615, 0.941, 0.9605, 0.706, 0.915, 0.7725, 0.6925, 0.7585, 0.538, 0.9775, 0.689, 0.615, 0.898, 0.68, 0.9385, 0.661, 0.7495, 0.824, 0.868, 0.802, 0.916, 0.656, 0.955, 0.7085, 0.743, 0.951, 0.924, 0.8755, 0.9885, 0.834, 0.934, 0.962, 0.9635, 0.882, 0.5, 0.91, 0.9435, 0.9725, 0.965, 0.9675, 0.87, 0.818, 0.513, 0.9565, 0.617]}