{"g_losses": [8.54255131964988, 9.532135973585413, 9.311997190434882, 9.000202706519593, 9.108332532517453, 8.940593770209778, 8.934933073977207, 8.825004828737137, 8.778366722959154, 8.925073461329683, 9.036829519779124], "d_losses": [0.3155469890446105, 0.22068812000624677, 0.25171577926487365, 0.28755116490449045, 0.26258446486230863, 0.2638069060333866, 0.26788994755120354, 0.26087890854699813, 0.2762786780503836, 0.24433837375266754, 0.2331575419595267], "d_accuracies": [0.9664228723404256, 0.9744015957446809, 0.9680851063829787, 0.9541223404255319, 0.9710771276595744, 0.9717420212765957, 0.9690824468085106, 0.9740691489361702, 0.9710771276595744, 0.9803856382978723, 0.9883643617021277], "val_g_losses": [8.403821468353271, 9.99318285369873, 9.186137100219726, 8.074075000762939, 8.680896392822266, 7.958134952545166, 8.534757904052734, 10.163153617858887, 7.674458225250244, 9.06070143890381, 10.67475064086914], "val_d_losses": [0.6131494255065918, 0.523173528432846, 0.5744644465446472, 0.47675445771217345, 0.6070064728260041, 0.5334828343391419, 0.4540237205028534, 0.3566401038169861, 0.3867186853885651, 0.22308687269687652, 0.18105108946561813], "val_accuracies": [0.847, 0.524, 0.7115, 0.8805, 0.6185, 0.7345, 0.8705, 0.897, 0.9725, 0.9995, 0.992]}