{"g_losses": [11.310578719098517, 9.059288189766255, 8.499889084633361, 8.18954399545142, 7.919854351814757, 7.660727688606749, 7.515630321299776, 7.325786608330747, 7.289628992689416, 7.093693796624529], "d_losses": [0.5911049067657045, 0.5368423238396645, 0.5573803002529956, 0.5786591104053437, 0.5968456124054625, 0.5951495665184995, 0.6015925767256859, 0.605088511045943, 0.5944235015739786, 0.59204580190968], "d_accuracies": [0.9082446808510638, 0.8992686170212766, 0.867686170212766, 0.8204787234042553, 0.7942154255319149, 0.7942154255319149, 0.7958776595744681, 0.793218085106383, 0.8008643617021277, 0.8174867021276596]}